{
    "author": "Ethan",
    "description": "Notes for Learning Python",
    "extension": null,
    "generator": "site",
    "links": {
        "sharing": {
            "all": null,
            "facebook": null,
            "google": null,
            "twitter": null,
            "weibo": null
        },
        "sidebar": {
            "个人主页": "http://funhacks.net",
            "书籍源码": "https://github.com/ethan-funny/explore-python/"
        }
    },
    "output": null,
    "pdf": {
        "toc": true,
        "fontSize": 12,
        "footerTemplate": null,
        "headerTemplate": null,
        "margin": {
            "bottom": 36,
            "left": 62,
            "right": 62,
            "top": 36
        },
        "pageNumbers": true,
        "paperSize": "a4"
    },
    "plugins": ["splitter"],
    "pluginsConfig": {
        "theme-default": {
            "showLevel": false
        }
    },
    "title": "Python 之旅",
    "variables": {}
}
